,GOOG
2018-01-02,
2018-01-03,
2018-01-04,
2018-01-05,
2018-01-08,
2018-01-09,
2018-01-10,
2018-01-11,
2018-01-12,
2018-01-15,
2018-01-16,
2018-01-17,
2018-01-18,
2018-01-19,91.88912111577034
2018-01-22,93.30475613207993
2018-01-23,93.08582305171505
2018-01-24,87.66213583344961
2018-01-25,86.38407570087595
2018-01-26,86.4936903851718
2018-01-29,86.88023263271292
2018-01-30,79.87678905163096
2018-01-31,80.51350323866683
2018-02-01,74.95058820769458
2018-02-02,46.472844094462005
2018-02-05,33.710356512062674
2018-02-06,38.163468183547025
2018-02-07,33.552075500969934
2018-02-08,26.24295931396462
2018-02-09,30.598008686131692
2018-02-12,30.598008686131664
2018-02-13,31.22235429024623
2018-02-14,33.766560666589896
2018-02-15,36.69626128553041
2018-02-16,37.73980525864195
2018-02-19,39.15288846667536
2018-02-20,39.42186806331613
2018-02-21,41.34521544727925
2018-02-22,49.04010692437613
2018-02-23,64.87823410673032
2018-02-26,63.68483286952289
2018-02-27,65.54846930527484
2018-02-28,77.06508212792349
2018-03-01,58.36938070409152
2018-03-02,57.29741196436147
2018-03-05,59.869868600331145
2018-03-06,56.91987798957599
2018-03-07,55.65167075282463
2018-03-08,58.25046765777296
2018-03-09,64.61993033284242
2018-03-12,64.1051241719959
2018-03-13,55.65151543396971
2018-03-14,58.78350488384223
2018-03-15,55.089100530831246
2018-03-16,48.18387128429601
2018-03-19,46.00648358747069
2018-03-20,48.403101743863154
2018-03-21,55.57934123800956
2018-03-22,43.33392531427541
2018-03-23,35.508927210857905
2018-03-26,42.157932449132126
2018-03-27,32.59755572816833
2018-03-28,28.66029480453527
2018-03-29,26.91103003025607
2018-03-30,25.718157665801925
2018-04-02,25.813562086283397
2018-04-03,24.60058037849062
2018-04-04,27.740408393208654
2018-04-05,29.891177177202792
2018-04-06,31.678509507518214
2018-04-09,34.150271791779474
2018-04-10,38.98311577752554
2018-04-11,43.90316003425927
2018-04-12,52.44458916452002
2018-04-13,43.87285110637268
2018-04-16,60.54116141505022
2018-04-17,68.16285508476162
2018-04-18,62.10274507251486
2018-04-19,65.35399184973339
2018-04-20,69.38597736137143
2018-04-23,65.88853242721984
2018-04-24,48.74635721988731
2018-04-25,48.37761757843264
2018-04-26,58.15136458189244
2018-04-27,53.57843153754468
2018-04-30,46.431952104410925
2018-05-01,54.15151033589607
2018-05-02,48.05717000733295
2018-05-03,48.65714809970166
2018-05-04,52.299606953752665
2018-05-07,44.97742594439712
2018-05-08,45.2590843761073
2018-05-09,48.79430822761876
2018-05-10,56.004507722658126
2018-05-11,57.69825535289452
2018-05-14,75.94774022522974
2018-05-15,66.64755852670112
2018-05-16,63.20320760091342
2018-05-17,66.0494836206592
2018-05-18,66.26418268841414
2018-05-21,64.68013712459123
2018-05-22,66.09410545342895
2018-05-23,68.6330686742153
2018-05-24,62.29887031720506
2018-05-25,58.47342753346649
2018-05-28,58.894259268272286
2018-05-29,39.68369880887243
2018-05-30,35.32483767894439
2018-05-31,44.373805583625646
2018-06-01,56.411956596126494
2018-06-04,70.111165668371
2018-06-05,69.67039382473197
2018-06-06,69.86030029898888
2018-06-07,69.48622376848526
2018-06-08,65.03529375158355
2018-06-11,72.06030218122831
2018-06-12,71.9308209207341
2018-06-13,69.83497911086602
2018-06-14,74.86014284381835
2018-06-15,74.88300900685658
2018-06-18,85.40489745596433
2018-06-19,81.78816917979992
2018-06-20,79.81583098573418
2018-06-21,65.90527639325512
2018-06-22,57.909095991502184
2018-06-25,44.40256701666561
2018-06-26,43.238876147110155
2018-06-27,42.78037084097816
2018-06-28,47.70578645176133
2018-06-29,44.77558505986938
2018-07-02,45.75581036607636
2018-07-03,40.01629411936063
2018-07-04,32.71784317937242
2018-07-05,41.44927225468662
2018-07-06,39.48979350964236
2018-07-09,45.80161467916757
2018-07-10,44.88812621446089
2018-07-11,48.78834919184762
2018-07-12,57.668721399168355
2018-07-13,70.35552389649685
2018-07-16,70.98305270614756
2018-07-17,80.33266688014001
2018-07-18,77.40634563622291
2018-07-19,72.78710058686892
2018-07-20,69.57941879125809
2018-07-23,85.94547122288321
2018-07-24,89.17487615772768
2018-07-25,88.8276063684909
2018-07-26,88.07937321852079
2018-07-27,72.91970443206957
2018-07-30,66.57745922899973
2018-07-31,65.59054195714927
2018-08-01,60.356064191220575
2018-08-02,60.53506088830309
2018-08-03,61.40853548794062
2018-08-06,58.076758078324104
2018-08-07,63.21735028019418
2018-08-08,67.27336623211573
2018-08-09,68.74600059534313
2018-08-10,59.90376542256994
2018-08-13,44.64914982230571
2018-08-14,40.49294213883617
2018-08-15,30.265574844707842
2018-08-16,36.05230141797054
2018-08-17,40.7505995221859
2018-08-20,45.51725281228084
2018-08-21,41.58353474710554
2018-08-22,41.35270713196502
2018-08-23,41.539738982169915
2018-08-24,48.31893768790971
2018-08-27,49.84159307275611
2018-08-28,44.58589665070022
2018-08-29,50.06746505896822
2018-08-30,50.513993547033316
2018-08-31,44.909818241932506
2018-09-03,42.439766462209334
2018-09-04,44.2677896703257
2018-09-05,43.51293554414173
2018-09-06,40.98569872978555
2018-09-07,36.871714272252
2018-09-10,38.26626184436876
2018-09-11,40.89555767238443
2018-09-12,37.98960959551485
2018-09-13,37.00836206055659
2018-09-14,27.798795333874324
2018-09-17,26.800962700539003
2018-09-18,20.41913498001429
2018-09-19,27.105067073649778
2018-09-20,39.08100396098803
2018-09-21,34.13519462169191
2018-09-24,42.13852729025487
2018-09-25,49.394219030720144
2018-09-26,53.228251397618045
2018-09-27,60.09072028205729
2018-09-28,59.69470035738005
2018-10-01,56.51260201805015
2018-10-02,64.55850411703796
2018-10-03,61.66389692032984
2018-10-04,48.55679921737088
2018-10-05,50.44913486382032
2018-10-08,45.85952243052016
2018-10-09,39.11340035302966
2018-10-10,22.201724214766912
2018-10-11,24.650848261529802
2018-10-12,33.7409429521625
2018-10-15,27.03548288618667
2018-10-16,36.90332588337977
2018-10-17,31.849748393807076
2018-10-18,28.384690944582815
2018-10-19,30.284438162957088
2018-10-22,30.256590432615383
2018-10-23,30.170231600818397
2018-10-24,28.122920387828643
2018-10-25,39.78910988695886
2018-10-26,37.8236629029559
2018-10-29,33.48448643283143
2018-10-30,42.92318333256162
2018-10-31,49.642530706765214
2018-11-01,43.97619083110788
2018-11-02,44.7318562242322
2018-11-05,37.14250434413631
2018-11-06,40.81200848584433
2018-11-07,50.807220063681335
2018-11-08,47.92146201452884
2018-11-09,44.995283024012416
2018-11-12,41.319769961765495
2018-11-13,47.74017046893895
2018-11-14,40.95989987258201
2018-11-15,48.81010542193349
2018-11-16,58.77740062195671
2018-11-19,46.897601638196235
2018-11-20,38.737006518934706
2018-11-21,43.005224884898325
2018-11-22,45.39941815909937
2018-11-23,46.236352286552204
2018-11-26,48.39773114064214
2018-11-27,37.178017426983445
2018-11-28,50.863281318517295
2018-11-29,55.33350552906281
2018-11-30,64.97907301955559
2018-12-03,67.98343428924336
2018-12-04,51.46914709692852
2018-12-05,46.88047346605873
2018-12-06,51.52536488137336
2018-12-07,53.63627814799582
2018-12-10,53.061870280331654
2018-12-11,53.13470207340645
2018-12-12,55.48910448806551
2018-12-13,58.42941689496449
2018-12-14,48.522076587973444
2018-12-17,44.23823496486299
2018-12-18,36.45313222106346
2018-12-19,34.88167245357897
2018-12-20,30.971351174872353
2018-12-21,23.703742821057844
2018-12-24,30.26246679954251
2018-12-25,30.26246679954251
2018-12-26,43.75399687673795
2018-12-27,51.76687834810918
2018-12-28,49.413046591862965
2018-12-31,45.95851744869128
2019-01-01,42.52463654217578
2019-01-02,45.9099878876958
2019-01-03,43.6857518671109
2019-01-04,61.513939339698055
2019-01-07,58.80133688708385
2019-01-08,61.702024248071794
2019-01-09,65.13009034764474
2019-01-10,73.88077612793336
2019-01-11,70.25161625182237
2019-01-14,66.1174167594555
2019-01-15,60.37548410944866
2019-01-16,60.244159211327045
2019-01-17,64.4190853221167
2019-01-18,66.48251199708395
2019-01-21,66.48251199708395
2019-01-22,55.94315829638102
2019-01-23,66.27646721268721
2019-01-24,51.228531838049584
2019-01-25,57.81467726200451
2019-01-28,48.03325727484736
2019-01-29,45.757259133976056
2019-01-30,54.940134340552085
2019-01-31,64.5234154415344
2019-02-01,66.77841151532601
2019-02-04,64.92357513059375
2019-02-05,66.60197798532874
2019-02-06,55.81898651912413
2019-02-07,50.09965412467392
2019-02-08,49.30271158297089
2019-02-11,56.068782114472235
2019-02-12,60.26537335035133
2019-02-13,60.3898932358486
2019-02-14,57.40919189436481
2019-02-15,61.220678050555534
2019-02-18,64.35647981572814
2019-02-19,59.152397864188806
2019-02-20,49.07292634489804
2019-02-21,45.40115892109019
2019-02-22,42.05570201465023
2019-02-25,35.812365102805856
2019-02-26,49.95187588603798
2019-02-27,59.81655639836873
2019-02-28,64.03883454989301
2019-03-01,70.98390211326111
2019-03-04,64.68166549554536
2019-03-05,70.319311452515
2019-03-06,67.12081553336375
2019-03-07,63.20948074911133
2019-03-08,62.662312281146306
2019-03-11,70.17776258669458
2019-03-12,75.70911070773226
2019-03-13,84.98293345181948
2019-03-14,78.46001528420476
2019-03-15,78.3887897542204
2019-03-18,77.2874481490873
2019-03-19,79.49978906898966
2019-03-20,82.19569186489285
2019-03-21,80.57262969173821
2019-03-22,67.24242805604497
2019-03-25,59.35141585499581
2019-03-26,57.879845542913834
2019-03-27,58.906742442395384
2019-03-28,57.67943456758614
2019-03-29,49.135941724500164
2019-04-01,50.422829543201374
2019-04-02,52.36806549819357
2019-04-03,56.833286582706634
2019-04-04,59.72364326058589
2019-04-05,56.94940066014245
2019-04-08,51.626362969501805
2019-04-09,40.09488098584817
2019-04-10,38.889751216795965
2019-04-11,49.59496954634483
2019-04-12,61.36757060618023
2019-04-15,67.49808789463475
2019-04-16,77.41964666802754
2019-04-17,82.82534714276224
2019-04-18,81.99065523289929
2019-04-19,77.07901897692862
2019-04-22,78.83123346851204
2019-04-23,81.14308779272821
2019-04-24,71.9016819702731
2019-04-25,80.20386512026928
2019-04-26,84.64809064282697
2019-04-29,92.04130083864365
2019-04-30,46.60746902851772
2019-05-01,41.678814184501654
2019-05-02,36.95343611055672
2019-05-03,42.28408304281452
2019-05-06,41.77061841349188
2019-05-07,36.778824648998494
2019-05-08,35.58680420366511
2019-05-09,35.02650694973684
2019-05-10,32.11975138415639
2019-05-13,23.812351042581312
2019-05-14,23.529644869392143
2019-05-15,33.02892818719286
2019-05-16,34.38442664883185
2019-05-17,29.099118203139383
2019-05-20,38.92435990424529
2019-05-21,45.69789559300614
2019-05-22,47.3451894478023
2019-05-23,38.76442347214337
2019-05-24,36.152930903605984
2019-05-27,39.11482226704458
2019-05-28,41.05193623242868
2019-05-29,38.12087504342061
2019-05-30,37.992520912806235
2019-05-31,41.8838453102277
2019-06-03,31.7545566620944
2019-06-04,22.730832174187796
2019-06-05,15.789439532189675
2019-06-06,18.173925000329447
2019-06-07,30.168289911499485
2019-06-10,31.496822544826287
2019-06-11,30.561495198986606
2019-06-12,32.0995198416185
2019-06-13,37.75206957103444
2019-06-14,37.05755417532283
2019-06-17,39.17449192501555
2019-06-18,46.53890490268591
2019-06-19,45.79112479801988
2019-06-20,52.159929328711605
2019-06-21,84.7070666099464
2019-06-24,77.65875442087015
2019-06-25,66.80888606813633
2019-06-26,63.065612831333496
2019-06-27,54.23211522530325
2019-06-28,50.24458425605476
2019-07-01,57.77094292410743
2019-07-02,62.642226742009825
2019-07-03,62.24893146873703
2019-07-04,63.88013475807908
2019-07-05,64.6547009681324
2019-07-08,54.636032204246526
2019-07-09,57.77363177522598
2019-07-10,59.604701700626926
2019-07-11,57.72395356386025
2019-07-12,60.57746767476393
2019-07-15,77.78549294272219
2019-07-16,82.98461909982134
2019-07-17,80.5083663303104
2019-07-18,79.62866085293149
2019-07-19,64.66833795478611
2019-07-22,62.862087512028474
2019-07-23,62.06528230722255
2019-07-24,57.345892681525356
2019-07-25,50.249653388954016
2019-07-26,82.04109587542355
2019-07-29,77.05931806085425
2019-07-30,70.12455703181391
2019-07-31,66.84799786588492
2019-08-01,64.43593871061398
2019-08-02,59.42236255205002
2019-08-05,49.7667195614582
2019-08-06,54.207373901197094
2019-08-07,54.861498679043336
2019-08-08,62.48913220947794
2019-08-09,58.11030552756745
2019-08-12,54.55213024170385
2019-08-13,59.086184174323265
2019-08-14,54.537508950533656
2019-08-15,32.61695622881875
2019-08-16,37.0424713981648
2019-08-19,44.55506292251722
2019-08-20,43.26636893516148
2019-08-21,46.4939972142833
2019-08-22,49.07075771920599
2019-08-23,49.78227768408348
2019-08-26,49.775911611049395
2019-08-27,48.68324160727832
2019-08-28,41.79697892450424
2019-08-29,51.1472474849313
2019-08-30,53.30795858968497
2019-09-02,47.45037379018281
2019-09-03,51.230773670389326
2019-09-04,54.00599688880614
2019-09-05,58.60679016593441
2019-09-06,51.781768871427545
2019-09-09,56.51861115932267
2019-09-10,54.620048224326766
2019-09-11,58.90281047577247
2019-09-12,78.04215966412566
2019-09-13,76.05246460096353
2019-09-16,72.21363771107798
2019-09-17,70.4957245092628
2019-09-18,66.0499513412723
2019-09-19,70.2780793911649
2019-09-20,65.65843962232907
2019-09-23,77.82297314515567
2019-09-24,65.53530106916779
2019-09-25,64.88981677185092
2019-09-26,65.62393541304168
2019-09-27,57.80612735653714
2019-09-30,54.74591736465304
2019-10-01,44.487546222005165
2019-10-02,30.93064113032935
2019-10-03,33.52232242235246
2019-10-04,43.436558564158204
2019-10-07,43.64980363520828
2019-10-08,38.26084365298489
2019-10-09,40.48217335099506
2019-10-10,44.36970402551642
2019-10-11,45.14831263153613
2019-10-14,49.544680650321475
2019-10-15,49.00290334018495
2019-10-16,50.65593423531427
2019-10-17,58.497318543500896
2019-10-18,57.97268240889313
2019-10-21,63.424682553227136
2019-10-22,75.89420226248797
2019-10-23,76.82471213229337
2019-10-24,72.88495444455259
2019-10-25,74.67576174444075
2019-10-28,91.09430607747504
2019-10-29,72.02221792578085
2019-10-30,69.94694127099166
2019-10-31,67.6801547385042
2019-11-01,70.47167176801848
2019-11-04,68.59999776986533
2019-11-05,68.6072751254453
2019-11-06,66.02662174355302
2019-11-07,74.31506187642748
2019-11-08,74.67459932146014
2019-11-11,69.99790041472221
2019-11-12,65.86167029172299
2019-11-13,64.92460443943435
2019-11-14,67.37678273012384
2019-11-15,67.0155492702166
2019-11-18,74.47745616342247
2019-11-19,72.10123228366555
2019-11-20,66.04869625123041
2019-11-21,61.32947386941312
2019-11-22,51.80079290812343
2019-11-25,56.0618679507661
2019-11-26,58.526087107359515
2019-11-27,51.85950072549795
2019-11-28,50.746281246177915
2019-11-29,52.76365603028665
2019-12-02,46.27015663855206
2019-12-03,48.899662232230156
2019-12-04,53.35304730790426
2019-12-05,47.181818065815214
2019-12-06,58.4477958867251
2019-12-09,62.15397124588831
2019-12-10,69.94925922566185
2019-12-11,71.20938146591334
2019-12-12,76.87644371975375
2019-12-13,72.05197957851655
2019-12-16,73.86740289238817
2019-12-17,70.01428022587403
2019-12-18,68.38981574710154
2019-12-19,74.76247821545763
2019-12-20,81.5547016588584
2019-12-23,79.77541052302983
2019-12-24,66.45226722502127
2019-12-25,62.36972413320677
2019-12-26,64.82312421098854
2019-12-27,55.76147366065869
2019-12-30,45.10003176726006
2019-12-31,45.42645640003001
2020-01-01,41.941381403230686
2020-01-02,58.872108668210274
2020-01-03,49.75355077090027
2020-01-06,64.92101526343194
2020-01-07,65.73902273598537
2020-01-08,67.63072259617527
2020-01-09,74.058085387715
2020-01-10,76.07166990766834
2020-01-13,80.0188065501184
2020-01-14,76.0345392342408
2020-01-15,74.75182227062012
2020-01-16,80.58461518319956
2020-01-17,90.95443687470595
2020-01-20,90.90901174688042
2020-01-21,91.11239752441111
2020-01-22,89.41096999166265
2020-01-23,93.61620980879796
2020-01-24,77.70982874978714
2020-01-27,62.460062400156
2020-01-28,64.15158528014898
2020-01-29,62.04970003696227
2020-01-30,58.48330348803313
2020-01-31,48.49397645735169
2020-02-03,63.14959757620105
2020-02-04,51.64020497712548
2020-02-05,49.24093180369237
2020-02-06,49.087237258049065
2020-02-07,49.748792870766785
2020-02-10,54.73625996165058
2020-02-11,54.48053736275578
2020-02-12,55.99636788950421
2020-02-13,59.69352847582918
2020-02-14,69.68271238681268
2020-02-17,66.88128526340208
2020-02-18,65.49708871008356
2020-02-19,67.60951071271182
2020-02-20,72.30728171248902
2020-02-21,49.75508318345931
2020-02-24,43.435692698620365
2020-02-25,36.77786417623125
2020-02-26,29.523139491574526
2020-02-27,20.689021584243378
2020-02-28,18.247267184238467
2020-03-02,31.083632995926507
2020-03-03,25.057815432998225
2020-03-04,33.824766100423005
2020-03-05,27.95626409771772
2020-03-06,26.75002473296378
2020-03-09,22.842937431852363
2020-03-10,30.063760317329354
2020-03-11,27.54685140072668
2020-03-12,25.041103624340764
2020-03-13,37.10850866424976
2020-03-16,32.821560762833045
2020-03-17,35.07620610203578
2020-03-18,37.19133832974649
2020-03-19,36.99075298513381
2020-03-20,31.45843762014846
2020-03-23,32.683485451121115
2020-03-24,35.25896357458576
2020-03-25,36.786867742382086
2020-03-26,42.03687409687252
2020-03-27,43.655222376771086
2020-03-30,41.6262302283155
2020-03-31,46.486586644464204
2020-04-01,49.34136778880324
2020-04-02,41.968652382585226
2020-04-03,51.34635954621778
2020-04-06,56.02751339542579
2020-04-07,58.39682592957316
2020-04-08,58.80401208269169
2020-04-09,63.9781329621374
2020-04-10,66.06219736763165
2020-04-13,60.12821414078746
2020-04-14,69.39107165355588
2020-04-15,63.34251768835625
2020-04-16,73.3292692930061
2020-04-17,71.92915331515933
2020-04-20,66.64957484187815
2020-04-21,68.16275150986016
2020-04-22,71.15769151053739
2020-04-23,77.31713932165403
2020-04-24,69.20392244176377
2020-04-27,68.34586367249926
2020-04-28,54.463567365467775
2020-04-29,67.63597516290984
2020-04-30,68.25427211145907
2020-05-01,62.953482858835116
2020-05-04,58.1708276565983
2020-05-05,61.98355751126906
2020-05-06,61.247823169056396
2020-05-07,61.80943872167147
2020-05-08,66.13570943988742
2020-05-11,77.33389235837461
2020-05-12,67.44274108630393
2020-05-13,60.86995729192363
2020-05-14,61.30771065622042
2020-05-15,63.7711988847102
2020-05-18,73.34473377233083
2020-05-19,57.12822429906542
2020-05-20,61.58651257853209
2020-05-21,68.1498868496212
2020-05-22,68.34980870443378
2020-05-25,64.56964093075977
2020-05-26,66.89525626661637
2020-05-27,62.44707579894886
2020-05-28,58.48136709452257
2020-05-29,57.79985361794655
2020-06-01,70.04719348236844
2020-06-02,87.18770003042673
2020-06-03,84.3242650571586
2020-06-04,65.71674250560028
2020-06-05,69.51618090056508
2020-06-08,76.63648955399087
2020-06-09,71.76445141840732
2020-06-10,76.41398108597735
2020-06-11,48.10634969845103
2020-06-12,50.75373115047036
2020-06-15,50.772604310121466
2020-06-16,56.06239747530856
2020-06-17,58.092137293960675
2020-06-18,51.6337013354447
2020-06-19,49.97691473937585
2020-06-22,52.75334803771021
2020-06-23,55.857875479368275
2020-06-24,53.99815037454915
2020-06-25,50.637338151438186
2020-06-26,35.73145316399757
2020-06-29,40.71103982892275
2020-06-30,42.27946731276365
2020-07-01,55.685979237181286
2020-07-02,58.099121297079876
2020-07-03,57.201589828702865
2020-07-06,58.29057633127731
2020-07-07,55.294753351443
2020-07-08,59.46110880014234
2020-07-09,62.08201660909826
2020-07-10,63.26995245194844
2020-07-13,56.58188314520372
2020-07-14,63.29243381868889
2020-07-15,60.92660474729527
2020-07-16,81.14412714901823
2020-07-17,77.2558612140665
2020-07-20,80.09337719835801
2020-07-21,75.54749583881141
2020-07-22,73.69522596575226
2020-07-23,59.37750154092114
2020-07-24,53.304965229112355
2020-07-27,58.91695624921044
2020-07-28,50.799303497016034
2020-07-29,51.98259150485623
2020-07-30,47.99690606999601
2020-07-31,44.83889067409015
2020-08-03,41.5885996459787
2020-08-04,41.206882672791856
2020-08-05,42.102268315738776
2020-08-06,47.467802658015685
2020-08-07,36.328759003350946
2020-08-10,37.771783064569256
2020-08-11,33.07873733975006
2020-08-12,48.06429002233198
2020-08-13,51.35928787348659
2020-08-14,45.20750968847185
2020-08-17,54.10577577377071
2020-08-18,57.824266908446695
2020-08-19,53.41546543178987
2020-08-20,72.3375273772114
2020-08-21,74.76512738001759
2020-08-24,79.0294902735512
2020-08-25,80.09663061952905
2020-08-26,81.55412066526578
2020-08-27,77.555744113786
2020-08-28,78.2807462669196
2020-08-31,79.97350846914503
2020-09-01,79.99143478617259
2020-09-02,83.55884173185765
2020-09-03,67.26665854645611
2020-09-04,58.51713972843686
2020-09-07,54.17740332488286
2020-09-08,48.26319504056081
2020-09-09,47.09180476942299
2020-09-10,44.62005854255563
2020-09-11,42.557461118428115
2020-09-14,39.771356893267125
2020-09-15,36.561191690403
2020-09-16,36.34196289166207
2020-09-17,32.710090913343834
2020-09-18,30.89393665521881
2020-09-21,24.948168762841235
2020-09-22,19.07128581663821
2020-09-23,20.846960394861895
2020-09-24,26.814264827167634
2020-09-25,30.13275680593418
2020-09-28,39.671287259304464
2020-09-29,35.81075738947901
2020-09-30,39.01523675209222
2020-10-01,44.778562915433504
2020-10-02,40.59468371790748
2020-10-05,41.577017874718344
2020-10-06,40.109096018098256
2020-10-07,44.536464888291675
2020-10-08,54.14907995913424
2020-10-09,63.42552471786453
2020-10-12,65.58353819622808
2020-10-13,77.45373429386233
2020-10-14,75.371125489766
2020-10-15,71.31862370787412
2020-10-16,70.69705106320546
2020-10-19,61.03894629447959
2020-10-20,63.62830511185495
2020-10-21,65.46966859890213
2020-10-22,74.2167379750675
2020-10-23,74.06221112018206
2020-10-26,70.14792951189948
2020-10-27,70.74672930199749
2020-10-28,53.75210896394559
2020-10-29,56.044615381342076
2020-10-30,56.0282741969928
2020-11-02,56.281346066214184
2020-11-03,59.06091832855974
2020-11-04,67.48960049261416
2020-11-05,67.5111393587682
2020-11-06,72.41100321188472
2020-11-09,71.27329309386965
2020-11-10,65.58315248178336
2020-11-11,64.86087933962872
2020-11-12,62.38449216486104
2020-11-13,72.42158345940494
2020-11-16,71.7806247171345
2020-11-17,88.39151286499495
2020-11-18,79.6329008149197
2020-11-19,76.8314854084505
2020-11-20,70.52148962530771
2020-11-23,65.90146379159515
2020-11-24,54.90634898252222
2020-11-25,52.12574671974527
2020-11-26,52.57501723064384
2020-11-27,57.24083262640065
2020-11-30,54.66080667189481
2020-12-01,59.32606814562145
2020-12-02,64.44715505893987
2020-12-03,60.18090956894711
2020-12-04,59.66249605387106
2020-12-07,60.34301721804641
2020-12-08,66.61112578702524
2020-12-09,54.33114020745314
2020-12-10,57.5188623266525
2020-12-11,60.68617009443512
2020-12-14,47.871404130145464
2020-12-15,49.13814351794962
2020-12-16,48.05857824688354
2020-12-17,39.239691328977685
2020-12-18,42.372589410356326
2020-12-21,32.2984800055189
2020-12-22,15.621035502809988
2020-12-23,20.431005967392522
2020-12-24,22.964873049839696
2020-12-25,24.214831752798275
2020-12-28,38.98055937919275
2020-12-29,42.76520039100685
2020-12-30,40.37413261166843
2020-12-31,42.21330210497277
2021-01-01,47.59724333782737
2021-01-04,39.38223748330876
2021-01-05,44.31101046556428
2021-01-06,46.58435050581702
2021-01-07,62.80164577951195
2021-01-08,64.66750066970972
2021-01-11,58.44536331825023
2021-01-12,52.65185999147877
2021-01-13,52.895196330385744
2021-01-14,50.23519298667843
2021-01-15,42.004657386139876
2021-01-18,45.14754675907181
2021-01-19,59.591977065601135
2021-01-20,69.21721408848718
2021-01-21,69.59372057053739
2021-01-22,75.27868387019586
2021-01-25,73.9555410400513
2021-01-26,76.52411206072387
2021-01-27,55.767182421253345
2021-01-28,57.169624107826074
2021-01-29,59.16066122504529
2021-02-01,68.3342809235806
2021-02-02,69.65060706753539
2021-02-03,78.99825980959575
2021-02-04,78.48633833031234
2021-02-05,79.74677160517987
2021-02-08,77.03778978841164
2021-02-09,70.83041126265462
2021-02-10,71.2879249832279
2021-02-11,70.72060552205897
2021-02-12,71.47020819710275
2021-02-15,70.36107472842663
2021-02-16,87.29978302292199
2021-02-17,86.3965525329116
2021-02-18,90.43267869214387
2021-02-19,83.46453231482025
2021-02-22,72.25625041409025
2021-02-23,50.229596022760035
2021-02-24,58.6938128402371
2021-02-25,34.63239382103522
2021-02-26,37.09892339128573
2021-03-01,49.60393460614951
2021-03-02,46.03297730695858
2021-03-03,38.27058542294682
2021-03-04,41.09880604486991
2021-03-05,50.601081130321546
2021-03-08,38.7689849523199
2021-03-09,41.73137554153045
2021-03-10,43.06803832410799
2021-03-11,51.384860577534305
2021-03-12,49.70905704125754
2021-03-15,49.56928329184933
2021-03-16,49.739691298791605
2021-03-17,56.685475961011235
2021-03-18,49.93547315329395
2021-03-19,45.820704514946875
2021-03-22,45.926909208126396
2021-03-23,53.106432586339146
2021-03-24,49.50616457540924
2021-03-25,40.812540082235216
2021-03-26,52.078735460781445
2021-03-29,50.61183804202629
2021-03-30,50.096701836582575
2021-03-31,39.369682345157415
2021-04-01,66.2522491763649
2021-04-02,65.5779439244855
2021-04-05,72.89746233635665
2021-04-06,73.05844920202728
2021-04-07,91.0625954700383
2021-04-08,91.35462936567329
2021-04-09,93.45587699013664
2021-04-12,83.49876992570923
2021-04-13,86.32904685259481
2021-04-14,83.1401799284149
2021-04-15,87.240799218279
2021-04-16,86.4974366769383
2021-04-19,86.78988617075655
2021-04-20,83.96946213175319
2021-04-21,79.6379527407953
2021-04-22,72.61704974047254
2021-04-23,68.1423315517521
2021-04-26,69.76625346071562
2021-04-27,61.36616578993619
2021-04-28,68.4801898198465
2021-04-29,71.22476957758433
2021-04-30,73.68339256682496
2021-05-03,69.35532064938532
2021-05-04,63.849669645666275
2021-05-05,59.400429553838876
2021-05-06,62.18264934011344
2021-05-07,63.53262948774472
2021-05-10,55.943862357710024
2021-05-11,51.77170122111691
2021-05-12,47.00145068066498
2021-05-13,44.15767033629794
2021-05-14,48.9402202737572
2021-05-17,51.473835257665804
2021-05-18,41.106569143093964
2021-05-19,34.273779778064764
2021-05-20,43.45709307202925
2021-05-21,43.87791921007865
2021-05-24,56.1013122598831
2021-05-25,56.09211050816676
2021-05-26,56.07677088327459
2021-05-27,50.431136177724206
2021-05-28,58.847216208376125
2021-05-31,64.19340838993473
2021-06-01,80.69262002840479
2021-06-02,76.87870914724746
2021-06-03,67.0865099147068
2021-06-04,71.67225728018632
2021-06-07,77.37647038278487
2021-06-08,78.21818850763874
2021-06-09,75.08250825082503
2021-06-10,80.54269203003597
2021-06-11,72.81740531578077
2021-06-14,74.00204651093482
2021-06-15,69.13516038596386
2021-06-16,77.3920937525791
2021-06-17,77.87510426089314
2021-06-18,72.28547964437716
2021-06-21,72.22346310712567
2021-06-22,76.29233342908802
2021-06-23,78.3433813965305
2021-06-24,74.8228815993752
2021-06-25,70.44492420886789
2021-06-28,66.00507958750245
2021-06-29,58.28996042294703
2021-06-30,45.18222939822017
2021-07-01,53.90787911485297
2021-07-02,61.498116180831815
2021-07-05,63.46502624857627
2021-07-06,69.0584201465714
2021-07-07,67.95524733564055
2021-07-08,67.32260717311668
2021-07-09,65.70983537020197
2021-07-12,67.18083478956694
2021-07-13,72.07777440873252
2021-07-14,72.78686933507937
2021-07-15,69.30616523619202
2021-07-16,71.91694047538259
2021-07-19,62.20341294885526
2021-07-20,70.08640962218901
2021-07-21,70.9859415464299
2021-07-22,67.42655601564005
2021-07-23,75.67883973774187
2021-07-26,76.70025500730361
2021-07-27,65.97399676410625
2021-07-28,67.53300477098671
2021-07-29,67.15169794761512
2021-07-30,61.28310519501741
2021-08-02,61.90699975265891
2021-08-03,60.40140506898676
2021-08-04,62.13991577450346
2021-08-05,62.77103834375423
2021-08-06,72.29799152328212
2021-08-09,70.82415067510381
2021-08-10,68.12187307554528
2021-08-11,64.69041377537908
2021-08-12,52.59373969163586
2021-08-13,43.300725343440384
2021-08-16,65.3465412168164
2021-08-17,55.66868837461457
2021-08-18,50.17004051430661
2021-08-19,60.988183640960216
2021-08-20,64.47114144095215
2021-08-23,72.2538416554523
2021-08-24,76.81882657676178
2021-08-25,76.09416054622233
2021-08-26,70.76841037704114
2021-08-27,73.88487743196508
2021-08-30,75.3664562231674
2021-08-31,77.4968124190959
2021-09-01,76.97549595207666
2021-09-02,68.84891773092596
2021-09-03,68.94158016608506
2021-09-06,76.98280496725805
2021-09-07,82.27427362646918
2021-09-08,78.150660863229
2021-09-09,75.57359902054353
2021-09-10,53.16145883491451
2021-09-13,54.0283333141217
2021-09-14,51.7889789081871
2021-09-15,61.2370817524435
2021-09-16,49.2699700939473
2021-09-17,35.80836588390338
2021-09-20,30.53214652465769
2021-09-21,31.56372427045514
2021-09-22,40.04190930027031
2021-09-23,41.226553532770566
2021-09-24,43.9182175331821
2021-09-27,38.83763892386094
2021-09-28,30.820751924215514
2021-09-29,28.627205350267147
2021-09-30,30.829838358099494
2021-10-01,35.549011358855694
2021-10-04,32.057875238605305
2021-10-05,33.57108984475212
2021-10-06,37.38565568376256
2021-10-07,45.7412570695686
2021-10-08,52.06405193413173
2021-10-11,48.448429228306665
2021-10-12,42.0544658571254
2021-10-13,42.69878812503263
2021-10-14,47.937162322760535
2021-10-15,50.3028545294321
2021-10-18,63.72065117049293
2021-10-19,69.46388896516973
2021-10-20,69.02615274584475
2021-10-21,64.89181185383289
2021-10-22,60.718523538988904
2021-10-25,56.360536715031834
2021-10-26,55.75783671018878
2021-10-27,64.45334483237468
2021-10-28,62.40346798471693
2021-10-29,68.5389379388605
2021-11-01,62.71060741733642
2021-11-02,63.88346766384101
2021-11-03,60.30542118510063
2021-11-04,62.63930658235986
2021-11-05,61.63248602883032
2021-11-08,60.534570260604745
2021-11-09,63.699624533726194
2021-11-10,57.069593781470644
2021-11-11,67.53368575333893
2021-11-12,70.97845684951592
2021-11-15,69.22288289506733
2021-11-16,57.033231707811225
2021-11-17,57.908231485801416
2021-11-18,56.75506598246667
2021-11-19,71.58882730175114
2021-11-22,54.02630932512224
2021-11-23,49.88615660049498
2021-11-24,42.222300046251625
2021-11-25,39.5528799383457
2021-11-26,29.38876353530422
2021-11-29,41.787383411092584
2021-11-30,39.628747782040975
2021-12-01,37.68896811435418
2021-12-02,35.39762735647055
2021-12-03,33.722063205133495
2021-12-06,38.03295176905816
2021-12-07,48.049237685499044
2021-12-08,46.073510128522805
2021-12-09,46.3333385853302
2021-12-10,53.48967984919012
2021-12-13,49.89294880769051
2021-12-14,46.66833505507136
2021-12-15,51.13747613816933
2021-12-16,53.73147875274115
2021-12-17,43.62337256266427
2021-12-20,49.888793070420306
2021-12-21,55.4936482168625
2021-12-22,56.539481340525576
2021-12-23,59.963803631741754
2021-12-24,57.63301490234737
2021-12-27,50.07391692426839
2021-12-28,44.182450986902495
2021-12-29,45.779631765271674
2021-12-30,42.93231535323291
2021-12-31,44.45479768013238
2022-01-03,50.30729564501424
2022-01-04,40.27666927346672
2022-01-05,31.494331293898682
2022-01-06,34.977089947598
2022-01-07,34.689326188023244
2022-01-10,33.7515225441922
2022-01-11,28.460841816776593
2022-01-12,34.32600898422537
2022-01-13,30.015666464174956
2022-01-14,29.074480675079954
2022-01-17,31.661368264700542
2022-01-18,26.358632118086575
2022-01-19,26.193115095395157
2022-01-20,25.23820538417212
2022-01-21,20.714990011590018
2022-01-24,22.13667249712563
2022-01-25,25.27176871277274
2022-01-26,33.023550826273706
2022-01-27,33.610534116157226
2022-01-28,40.085181694610135
2022-01-31,42.17997576496993
2022-02-01,43.30806500634687
2022-02-02,62.435937866229146
2022-02-03,53.53265943126621
2022-02-04,53.947906415243
2022-02-07,53.1910342727163
2022-02-08,54.33001427542479
2022-02-09,59.64041561845737
2022-02-10,60.46788132307186
2022-02-11,54.19018508033123
2022-02-14,60.10525036570271
2022-02-15,58.76333782812574
2022-02-16,59.97424883022819
2022-02-17,48.857997816569835
2022-02-18,43.82889192986928
2022-02-21,40.78303592947325
2022-02-22,20.05144136870925
2022-02-23,22.649470722489497
2022-02-24,33.972298705217256
2022-02-25,42.64379817194303
2022-02-28,42.827526480918294
2022-03-01,37.26932772728315
2022-03-02,42.69121703099715
2022-03-03,50.39880287343196
2022-03-04,43.18959614462747
2022-03-07,32.125674697736244
2022-03-08,31.516159136455528
2022-03-09,52.683069158583706
2022-03-10,53.90324954332546
2022-03-11,50.01307582280365
2022-03-14,45.996963251487394
2022-03-15,53.02151281672511
2022-03-16,51.527642931600205
2022-03-17,50.125179526968545
2022-03-18,52.79471066086382
2022-03-21,53.41987534769933
2022-03-22,57.46837891600528
2022-03-23,55.47336235674914
2022-03-24,61.797484957264494
2022-03-25,72.47246269280443
2022-03-28,72.15200780368407
2022-03-29,66.86071887597765
2022-03-30,68.28013286863656
2022-03-31,66.35996338499416
2022-04-01,77.52821228226546
2022-04-04,77.54857477514963
2022-04-05,65.40656332786156
2022-04-06,54.78655223497971
2022-04-07,49.33794616508326
2022-04-08,45.52005357887734
2022-04-11,31.25715255565555
2022-04-12,31.6556846281306
2022-04-13,29.360560104014098
2022-04-14,25.84434321111712
2022-04-15,24.752626553054924
2022-04-18,23.190352829490948
2022-04-19,30.12780365257713
2022-04-20,30.84584267497445
2022-04-21,25.39149264611295
2022-04-22,15.082479242158627
2022-04-25,24.885808697298387
2022-04-26,24.986564702406
2022-04-27,22.574222917468006
2022-04-28,32.21023296495373
2022-04-29,32.02991628801361
2022-05-02,36.65584588849757
2022-05-03,35.20838353993388
2022-05-04,44.49711795465876
2022-05-05,39.131246675306265
2022-05-06,37.37375445982479
2022-05-09,32.09388173264516
2022-05-10,35.7499052155181
2022-05-11,37.87086827233774
2022-05-12,42.07735353950527
2022-05-13,41.674190390133205
2022-05-16,43.86623175452974
2022-05-17,52.34475266718114
2022-05-18,40.19661396542955
2022-05-19,43.597947566246916
2022-05-20,37.822907423453785
2022-05-23,40.37927803614935
2022-05-24,26.136618381112612
2022-05-25,31.286452489175886
2022-05-26,37.9326011491606
2022-05-27,49.560719904286216
2022-05-30,47.1144359211663
2022-05-31,50.12359845588976
2022-06-01,51.58169142044363
2022-06-02,51.9778187633053
2022-06-03,49.649178621144294
2022-06-06,50.466708381299405
2022-06-07,58.31854859379577
2022-06-08,61.85823983831261
2022-06-09,59.91578858713462
2022-06-10,49.593540029417234
2022-06-13,51.68465758655735
2022-06-14,52.381204023838734
2022-06-15,53.58875592600755
2022-06-16,39.16223409607625
2022-06-17,41.683938103696526
2022-06-20,39.139763241086214
2022-06-21,46.73276742886235
2022-06-22,40.11215880473821
2022-06-23,46.43392121882739
2022-06-24,52.566414152355115
2022-06-27,49.03515667350073
2022-06-28,43.42719175457498
2022-06-29,46.02684245773406
2022-06-30,46.87566479104251
2022-07-01,53.8503154362273
2022-07-04,53.33274583502778
2022-07-05,55.84317559450726
2022-07-06,65.60027485412252
2022-07-07,68.84481447736341
2022-07-08,69.70560956087667
2022-07-11,57.33797586048174
2022-07-12,54.349278274893386
2022-07-13,49.27645099819338
2022-07-14,37.87620172791839
2022-07-15,43.27947136685734
2022-07-18,45.15923750719494
2022-07-19,53.706235142530026
2022-07-20,59.15960782503025
2022-07-21,60.22829000404909
2022-07-22,48.99329674092031
2022-07-25,40.88880486337911
2022-07-26,35.0088166084588
2022-07-27,42.21873242341004
2022-07-28,42.41895844116202
2022-07-29,50.166920535593704
2022-08-01,50.908935328890045
2022-08-02,55.72270944518512
2022-08-03,60.61491543974862
2022-08-04,59.153504541090676
2022-08-05,63.34725398074145
2022-08-08,56.64150501222571
2022-08-09,55.1736942061707
2022-08-10,59.390695559778486
2022-08-11,73.85512216085314
2022-08-12,77.04120616455143
2022-08-15,86.09271042179881
2022-08-16,77.2144359186596
2022-08-17,66.30621359265459
2022-08-18,63.13823742907418
2022-08-19,57.48299172617225
2022-08-22,47.95263528340164
2022-08-23,38.6659133596272
2022-08-24,38.20032702328927
2022-08-25,48.701288307974465
2022-08-26,37.01595047670685
2022-08-29,36.57163788712159
2022-08-30,27.568921906405706
2022-08-31,27.649768848795375
2022-09-01,23.039212853016735
2022-09-02,20.514958744875955
2022-09-05,20.835095076194122
2022-09-06,21.742967323895954
2022-09-07,29.388409198540884
2022-09-08,31.489357972049135
2022-09-09,42.78825040061835
2022-09-12,43.58408603254039
2022-09-13,33.860440621618366
2022-09-14,27.804902906353732
2022-09-15,33.3483494670932
2022-09-16,34.41711023772996
2022-09-19,35.78800046806913
2022-09-20,33.79098387658638
2022-09-21,27.08697733309147
2022-09-22,31.304762581455762
2022-09-23,29.40668207523325
2022-09-26,30.51686094456953
2022-09-27,18.978487578466726
2022-09-28,29.8701482528667
2022-09-29,18.67279391995463
2022-09-30,16.835457544533696
2022-10-03,35.18976841845604
2022-10-04,42.42557249677233
2022-10-05,46.01139626942261
2022-10-06,46.66026056530116
2022-10-07,40.799656513162475
2022-10-10,42.94116976922978
2022-10-11,45.319962822177054
2022-10-12,44.49831084516908
2022-10-13,51.308142274957696
2022-10-14,46.42701014231617
2022-10-17,55.23550755842029
2022-10-18,51.37421121208732
2022-10-19,54.97738970251898
2022-10-20,60.735294612634064
2022-10-21,55.9890153422184
2022-10-24,51.68877566985034
2022-10-25,57.38420044495834
2022-10-26,36.95499030766007
2022-10-27,37.54911816270816
2022-10-28,46.57666709420058
2022-10-31,44.76367021778073
2022-11-01,39.250271066424546
2022-11-02,33.49869662860468
2022-11-03,32.604828058485154
2022-11-04,31.93018556893223
2022-11-07,34.19355522686271
2022-11-08,35.58034323755733
2022-11-09,33.88167044889403
2022-11-10,42.148223941280406
2022-11-11,43.44813575767052
2022-11-14,40.4012111575395
2022-11-15,55.00770286211828
2022-11-16,58.63746391560355
2022-11-17,52.86566760360146
2022-11-18,54.86368962842405
2022-11-21,58.85676267343616
2022-11-22,68.21732603375408
2022-11-23,79.40160629877016
2022-11-24,76.50918280403177
2022-11-25,70.22140753162078
2022-11-28,65.80533150736062
2022-11-29,67.85080398314075
2022-11-30,66.7279425944015
2022-12-01,61.744962213400214
2022-12-02,62.552322458774405
2022-12-05,53.30650684255395
2022-12-06,45.73170329851394
2022-12-07,42.15456415039391
2022-12-08,41.18991369178359
2022-12-09,43.35259180912689
2022-12-12,40.45567801226123
2022-12-13,42.773715365127096
2022-12-14,41.67851110603856
2022-12-15,36.655536483827355
2022-12-16,38.267299338829716
2022-12-19,36.8244570326147
2022-12-20,17.77533540860756
2022-12-21,20.64927429368184
2022-12-22,19.08508785064548
2022-12-23,25.955999671775402
2022-12-26,29.575147102822356
2022-12-27,30.033167635814294
2022-12-28,29.59126780696073
2022-12-29,39.679343474014736
2022-12-30,37.734892795077464
2023-01-02,29.5402187972727
2023-01-03,34.26806047043013
2023-01-04,41.53635899204639
2023-01-05,37.461648316642346
2023-01-06,46.90431850919846
2023-01-09,47.430356323734145
2023-01-10,46.837809935615844
2023-01-11,61.76471644207807
2023-01-12,56.645594069541495
2023-01-13,58.95748289213238
2023-01-16,66.4416139709196
2023-01-17,70.38629982236266
2023-01-18,61.92082137825358
2023-01-19,68.79534795393354
2023-01-20,77.5456777591016
2023-01-23,78.61759676826415
2023-01-24,74.85794233307637
2023-01-25,72.9917013617375
2023-01-26,74.2290781471929
2023-01-27,75.22236250201561
2023-01-30,66.79521593128194
2023-01-31,65.32420469021835
2023-02-01,68.27956280406612
2023-02-02,74.60024277049277
2023-02-03,67.20221062197524
2023-02-06,65.19752152366426
2023-02-07,69.63768301562314
2023-02-08,56.436267863201785
2023-02-09,45.890706304935776
2023-02-10,42.967886755793984
2023-02-13,45.13744629771698
2023-02-14,47.82182323820494
2023-02-15,47.461798043694344
2023-02-16,43.89095585219739
2023-02-17,45.66787081736005
2023-02-20,42.83775742215108
2023-02-21,37.605713173910424
2023-02-22,22.33073026614464
2023-02-23,24.614280352709557
2023-02-24,24.64080327866604
2023-02-27,12.656121460447494
2023-02-28,20.024746009187197
2023-03-01,29.113947684914564
2023-03-02,40.22987564966768
2023-03-03,46.648415961608805
2023-03-06,51.9528973716672
2023-03-07,40.48083505891091
2023-03-08,46.11685077701785
2023-03-09,43.713381405955175
2023-03-10,39.47061001469779
2023-03-13,48.709467306235844
2023-03-14,57.02004365147385
2023-03-15,64.40588834857411
2023-03-16,76.85608910794167
2023-03-17,77.5155763927718
2023-03-20,75.51556995659057
2023-03-21,78.93543872766236
2023-03-22,72.63398853531857
2023-03-23,72.97298380930188
2023-03-24,70.72784065187878
2023-03-27,66.5426144494569
2023-03-28,61.94375539646114
2023-03-29,67.34234369688383
2023-03-30,70.16034563525093
2023-03-31,72.35507324497604
2023-04-03,70.56328012183482
2023-04-04,67.981539614112
2023-04-05,59.95892347225123
2023-04-06,64.60980023732807
2023-04-07,66.20176210203732
2023-04-10,52.83887358241693
2023-04-11,55.0639652561925
2023-04-12,47.04880859029107
2023-04-13,55.223156823420176
2023-04-14,67.14897549068706
2023-04-17,62.64998424531235
2023-04-18,57.755297943151525
2023-04-19,59.12227412982452
2023-04-20,55.14069159070651
2023-04-21,52.84413830455749
2023-04-24,54.55042444750713
2023-04-25,49.16008832604944
2023-04-26,36.474153983864674
2023-04-27,48.69907091475536
2023-04-28,53.41950396218907
2023-05-01,54.3561507082162
2023-05-02,51.9916188663477
2023-05-03,43.63077316013138
2023-05-04,36.62682164230131
2023-05-05,49.26018885420952
2023-05-08,60.69955919105477
2023-05-09,59.87822913467315
2023-05-10,67.4890296069899
2023-05-11,74.0481369751869
2023-05-12,74.2173899774966
2023-05-15,78.33868277931225
2023-05-16,81.58320448199285
2023-05-17,79.48718652723473
2023-05-18,81.71642487398991
2023-05-19,82.53771489237842
2023-05-22,90.1493908186032
2023-05-23,81.55090694771398
2023-05-24,79.3917827977423
2023-05-25,80.5766439864376
2023-05-26,79.93731723728136
2023-05-29,80.78141553351384
2023-05-30,74.85921220212059
2023-05-31,65.03952318222801
2023-06-01,65.00699213309582
2023-06-02,69.33147383927266
2023-06-05,66.63276255154011
2023-06-06,66.44501741882888
2023-06-07,48.709977502113496
2023-06-08,48.709960970643166
2023-06-09,42.52243747969996
2023-06-12,52.79535122162821
2023-06-13,58.02185103338992
2023-06-14,50.10182877434614
2023-06-15,51.195220132668275
2023-06-16,45.92018634062513
2023-06-19,48.187496006492644
2023-06-20,51.606409500882904
2023-06-21,40.59286760680911
2023-06-22,46.2800887145983
2023-06-23,39.81952829498565
2023-06-26,28.36114178755264
2023-06-27,37.31440614645969
2023-06-28,45.401979317246656
2023-06-29,42.12555056825531
2023-06-30,40.4195127310064
2023-07-03,39.23205108337773
2023-07-04,39.34152215738093
2023-07-05,41.49622349114151
2023-07-06,41.56334763930837
2023-07-07,39.86556641361573
2023-07-10,34.41964814857697
2023-07-11,41.404348423651996
2023-07-12,39.34836929793491
2023-07-13,53.722760053088805
2023-07-14,65.55295378055635
2023-07-17,63.869780412561276
2023-07-18,57.23938714416696
2023-07-19,56.61097387905199
2023-07-20,46.90188673298946
2023-07-21,49.470562992146334
2023-07-24,52.62112882988707
2023-07-25,50.33306356222377
2023-07-26,64.95375969258683
2023-07-27,67.00454510545157
2023-07-28,78.33567153299724
2023-07-31,77.75775542865563
2023-08-01,72.68021944455174
2023-08-02,57.592662643876
2023-08-03,56.303914896710204
2023-08-04,57.26815612903798
2023-08-07,64.90893651112486
2023-08-08,68.0047401642804
2023-08-09,72.49995474095013
2023-08-10,71.63458749008812
2023-08-11,69.4144679360848
2023-08-14,70.452435686276
2023-08-15,51.81655341513133
2023-08-16,47.85797165522835
2023-08-17,42.00634456579139
2023-08-18,36.26379154230524
2023-08-21,41.68540433502351
2023-08-22,53.42912471184349
2023-08-23,61.87161778433459
2023-08-24,54.42144548912653
2023-08-25,46.55268765801584
2023-08-28,49.86930758143649
2023-08-29,62.630076474175986
2023-08-30,64.92001683071646
2023-08-31,65.67684606040737
2023-09-01,61.40429626226863
2023-09-04,66.13936080663993
2023-09-05,69.8329659337789
2023-09-06,62.81978650488399
2023-09-07,72.94378926122683
2023-09-08,73.21724915802703
2023-09-11,72.88227338930812
2023-09-12,59.08511457152856
2023-09-13,74.61749622509971
2023-09-14,76.60253745489615
2023-09-15,71.42855707819434
2023-09-18,64.27981172073584
2023-09-19,58.763845819262876
2023-09-20,40.586618926683045
2023-09-21,34.31374274460663
2023-09-22,34.09743748934291
2023-09-25,37.58205342237062
2023-09-26,34.94406797683088
2023-09-27,38.627677240417874
2023-09-28,40.53931350426089
2023-09-29,36.764055392452356
2023-10-02,48.11713637968449
2023-10-03,41.37223716685673
2023-10-04,44.732764428475186
2023-10-05,45.45455091366565
2023-10-06,49.58164592935994
2023-10-09,51.19089658030502
2023-10-10,59.528737191031425
2023-10-11,72.03751087823274
2023-10-12,68.25524089602882
2023-10-13,62.544044470881076
2023-10-16,72.31207134751074
2023-10-17,70.51228323699422
2023-10-18,63.21443231638626
2023-10-19,65.99370069900198
2023-10-20,53.70110315118222
2023-10-23,61.21949821620902
2023-10-24,59.74681979549344
2023-10-25,35.84445297305517
2023-10-26,27.117631557433754
2023-10-27,25.3671881255937
2023-10-30,30.636330964331407
2023-10-31,24.90819273339355
2023-11-01,31.037559901832324
2023-11-02,34.77465627048777
2023-11-03,34.53542262033562
2023-11-06,35.6756510307481
2023-11-07,39.4283762219589
2023-11-08,41.359504416064816
2023-11-09,42.213985592825594
2023-11-10,44.292509079759
2023-11-13,39.82411638864715
2023-11-14,71.70468516779398
2023-11-15,86.14530135291918
2023-11-16,87.90886602755579
2023-11-17,78.56054610826199
2023-11-20,81.36187207166488
2023-11-21,79.78441058805674
2023-11-22,80.20068479355488
2023-11-23,78.13417252329081
2023-11-24,68.94239480432097
2023-11-27,66.5301796681991
2023-11-28,65.95240884902222
2023-11-29,63.49569168294565
2023-11-30,49.60136807868538
2023-12-01,49.09810451855184
2023-12-04,37.12448530194255
2023-12-05,39.74289876697789
2023-12-06,29.905992602558314
2023-12-07,53.233394216034476
2023-12-08,47.35318617242815
2023-12-11,42.28953884478593
2023-12-12,37.28068521003966
2023-12-13,38.095226657074626
2023-12-14,39.70466282004823
2023-12-15,41.52915842067484
2023-12-18,47.4122467914025
2023-12-19,53.22950557363059
2023-12-20,61.29921933900632
2023-12-21,65.73866027466936
2023-12-22,74.01666644438275
2023-12-25,72.0632069242647
2023-12-26,75.25500088643005
2023-12-27,58.84092888112867
2023-12-28,65.20311854739766
2023-12-29,72.7870616456017
